;;;;pib;Importaciones de bienes y servicios (US$ a precios actuales);Exportaciones de bienes y servicios (US$ a precios actuales);Total de reservas (incluye oro, US$ a precios actuales);Gasto público en educación, total (% del PIB);Esperanza de vida al nacer, total (años)
Country Name;Country Code;Indicator Name;Indicator Code;2020;2020;2020;2020;2020;2020
Aruba;ABW;PIB (US$ a precios actuales);NY.GDP.MKTP.CD;2610038938;1694640361;1347955008;1212578720;;75.723
;AFE;PIB (US$ a precios actuales);NY.GDP.MKTP.CD;9.34179E+11;2.17779E+11;2.04917E+11;;4.608170033;63.31385599
Afganistán;AFG;PIB (US$ a precios actuales);NY.GDP.MKTP.CD;20143442151;;;9748946327;2.860859394;62.575
;AFW;PIB (US$ a precios actuales);NY.GDP.MKTP.CD;7.848E+11;1.34852E+11;1.24035E+11;;3.173885107;57.22637273
Angola;AGO;PIB (US$ a precios actuales);NY.GDP.MKTP.CD;53619073505;8710618375;19110949393;13781988140;2.415199995;62.261
Albania;ALB;PIB (US$ a precios actuales);NY.GDP.MKTP.CD;15131866271;5636282434;3435536125;4817386149;3.099999905;76.989
Andorra;AND;PIB (US$ a precios actuales);NY.GDP.MKTP.CD;2891022273;;;;;
El mundo árabe;ARB;PIB (US$ a precios actuales);NY.GDP.MKTP.CD;2.49118E+12;9.17041E+11;9.3374E+11;;3.670000076;70.92335959
Emiratos Árabes Unidos;ARE;PIB (US$ a precios actuales);NY.GDP.MKTP.CD;3.49473E+11;2.46886E+11;3.35238E+11;1.06702E+11;3.879869938;78.946
Argentina;ARG;PIB (US$ a precios actuales);NY.GDP.MKTP.CD;3.8554E+11;52467889599;64041594763;39403734630;5.016049862;75.892
Armenia;ARM;PIB (US$ a precios actuales);NY.GDP.MKTP.CD;12641697523;5021765248;3762799614;2615530571;2.705670118;72.173
Samoa Americana;ASM;PIB (US$ a precios actuales);NY.GDP.MKTP.CD;716000000;691000000;426000000;;;
Antigua y Barbuda;ATG;PIB (US$ a precios actuales);NY.GDP.MKTP.CD;1370281481;655278518.5;598873555.6;221808945.9;3.453119993;78.841
Australia;AUS;PIB (US$ a precios actuales);NY.GDP.MKTP.CD;1.3269E+12;2.68368E+11;3.18566E+11;42544629265;6.099999905;83.2
Austria;AUT;PIB (US$ a precios actuales);NY.GDP.MKTP.CD;4.35225E+11;2.11567E+11;2.24632E+11;30439562425;5.070000172;81.19268293
Azerbaiyán;AZE;PIB (US$ a precios actuales);NY.GDP.MKTP.CD;42693000000;15537823529;15208764706;7633754110;4.332049847;66.868
Burundi;BDI;PIB (US$ a precios actuales);NY.GDP.MKTP.CD;2649671999;588863370;120542058.2;90319165.54;5.040979862;61.566
Bélgica;BEL;PIB (US$ a precios actuales);NY.GDP.MKTP.CD;5.25212E+11;4.08268E+11;4.17264E+11;33296227565;6.710000038;80.79512195
Benin;BEN;PIB (US$ a precios actuales);NY.GDP.MKTP.CD;15651545209;3906745097;3110348693;;3.003659964;60.088
Burkina Faso;BFA;PIB (US$ a precios actuales);NY.GDP.MKTP.CD;17933606353;;;;5.519080162;59.731
Bangladesh;BGD;PIB (US$ a precios actuales);NY.GDP.MKTP.CD;3.73902E+11;59183693205;39045806253;43171735336;2.049217463;71.968
Bulgaria;BGR;PIB (US$ a precios actuales);NY.GDP.MKTP.CD;70240275010;38042785644;39419475034;37860001349;4.039999962;73.60731707
Bahrein;BHR;PIB (US$ a precios actuales);NY.GDP.MKTP.CD;34723357447;23296808511;25249202128;2523073657;2.152050018;79.174
Bahamas;BHS;PIB (US$ a precios actuales);NY.GDP.MKTP.CD;9699500000;3314200000;2452800000;2382077961;2.371340036;72.677
Bosnia y Herzegovina;BIH;PIB (US$ a precios actuales);NY.GDP.MKTP.CD;19950471171;9694124054;6913440303;8707117939;;76.225
Belarús;BLR;PIB (US$ a precios actuales);NY.GDP.MKTP.CD;61371126414;35547220856;37443843253;7468343228;4.952449799;74.22682927
Belice;BLZ;PIB (US$ a precios actuales);NY.GDP.MKTP.CD;2080000000;901000000;770500000;348090076;7.528779984;72.854
Bermudas;BMU;PIB (US$ a precios actuales);NY.GDP.MKTP.CD;6887147000;1519287000;3246335000;;1.874771237;82.05609756
Bolivia;BOL;PIB (US$ a precios actuales);NY.GDP.MKTP.CD;36629843805;9241956045;7425817969;5247234669;9.837454796;64.467
Brasil;BRA;PIB (US$ a precios actuales);NY.GDP.MKTP.CD;1.44856E+12;2.33151E+11;2.43287E+11;3.55614E+11;;74.009
Barbados;BRB;PIB (US$ a precios actuales);NY.GDP.MKTP.CD;4671800000;1719050000;1389450000;1358013876;3.05817008;77.393
Brunei Darussalam;BRN;PIB (US$ a precios actuales);NY.GDP.MKTP.CD;12005825759;6355270928;6886074799;3997356505;;74.795
Bhután;BTN;PIB (US$ a precios actuales);NY.GDP.MKTP.CD;2325184481;1075563026;689741914.9;1473072609;5.901417732;71.609
Botswana;BWA;PIB (US$ a precios actuales);NY.GDP.MKTP.CD;14930072459;6937550628;4681134687;4940893803;8.739999771;65.647
República Centroafricana;CAF;PIB (US$ a precios actuales);NY.GDP.MKTP.CD;2326720921;799194666.1;353021266.3;;2.166699886;54.604
Canadá;CAN;PIB (US$ a precios actuales);NY.GDP.MKTP.CD;1.64542E+12;5.16977E+11;4.83153E+11;90428136419;5.170000076;81.74878049
Europa Central y del Báltico;CEB;PIB (US$ a precios actuales);NY.GDP.MKTP.CD;1.6649E+12;9.33608E+11;9.86032E+11;;5.13499999;76.14403428
Suiza;CHE;PIB (US$ a precios actuales);NY.GDP.MKTP.CD;7.39914E+11;4.28104E+11;4.75816E+11;1.0834E+12;5.21999979;83.1
Islas del Canal;CHI;PIB (US$ a precios actuales);NY.GDP.MKTP.CD;;;;;;81.264
Chile;CHL;PIB (US$ a precios actuales);NY.GDP.MKTP.CD;2.52727E+11;68162104626;79693816697;39166118109;;79.377
China;CHN;PIB (US$ a precios actuales);NY.GDP.MKTP.CD;1.46877E+13;2.37473E+12;2.72987E+12;3.35724E+12;3.569999933;78.077
Côte d'Ivoire;CIV;PIB (US$ a precios actuales);NY.GDP.MKTP.CD;61348579465;12660139981;13231734148;;3.443020105;59.032
Camerún;CMR;PIB (US$ a precios actuales);NY.GDP.MKTP.CD;40773241531;7544328736;6212147273;;3.166160107;60.833
Congo, República Democrática del;COD;PIB (US$ a precios actuales);NY.GDP.MKTP.CD;48716960860;14559943485;13935463039;747655324.3;2.450000048;59.739
Congo, República del;COG;PIB (US$ a precios actuales);NY.GDP.MKTP.CD;10483151176;4445853443;5976728065;;4.448619843;63.785
Colombia;COL;PIB (US$ a precios actuales);NY.GDP.MKTP.CD;2.703E+11;55177280626;36465851526;58499477957;4.933100224;74.769
Comoras;COM;PIB (US$ a precios actuales);NY.GDP.MKTP.CD;1225039231;343723743.1;69481188.4;294339897.9;;64.166
Cabo Verde;CPV;PIB (US$ a precios actuales);NY.GDP.MKTP.CD;1703698677;1019523180;423385851.9;735084797.4;7.58479023;74.808
Costa Rica;CRI;PIB (US$ a precios actuales);NY.GDP.MKTP.CD;62158002233;17758340791;19601771162;7231533677;6.710669994;79.277
Estados pequeos del Caribe;CSS;PIB (US$ a precios actuales);NY.GDP.MKTP.CD;65896805290;;;;4.860620022;72.57488244
Cuba;CUB;PIB (US$ a precios actuales);NY.GDP.MKTP.CD;1.07352E+11;8067000000;8769000000;;1.15248E-05;77.567
Curacao;CUW;PIB (US$ a precios actuales);NY.GDP.MKTP.CD;2496174749;;;;7.42913866;
Islas Caimán;CYM;PIB (US$ a precios actuales);NY.GDP.MKTP.CD;5608989200;2592463699;3372614905;216800000;;
Chipre;CYP;PIB (US$ a precios actuales);NY.GDP.MKTP.CD;25008448886;20698733295;20354070817;1237326347;6.059999943;81.391
República Checa;CZE;PIB (US$ a precios actuales);NY.GDP.MKTP.CD;2.45975E+11;1.55455E+11;1.72056E+11;1.66126E+11;5.079999924;78.22682927
Alemania;DEU;PIB (US$ a precios actuales);NY.GDP.MKTP.CD;3.88967E+12;1.45416E+12;1.67307E+12;2.68409E+11;4.659999847;80.94146341
Djibouti;DJI;PIB (US$ a precios actuales);NY.GDP.MKTP.CD;3181071154;3414846867;3682879345;686339280.9;;62.694
Dominica;DMA;PIB (US$ a precios actuales);NY.GDP.MKTP.CD;504214814.8;;;165824163.3;4.69630003;
Dinamarca;DNK;PIB (US$ a precios actuales);NY.GDP.MKTP.CD;3.55222E+11;1.72576E+11;1.95122E+11;72823350927;6.380000114;81.55121951
República Dominicana;DOM;PIB (US$ a precios actuales);NY.GDP.MKTP.CD;78844702329;20498013695;14425187965;10844812012;4.618700027;72.889
Argelia;DZA;PIB (US$ a precios actuales);NY.GDP.MKTP.CD;1.45009E+11;40595755690;25109483754;59434389110;7.042397499;74.453
Asia oriental y el Pacífico (excluido altos ingresos);EAP;PIB (US$ a precios actuales);NY.GDP.MKTP.CD;1.74869E+13;3.41962E+12;3.83349E+12;;3.569999933;75.93624944
inicial del dividendo demográfico;EAR;PIB (US$ a precios actuales);NY.GDP.MKTP.CD;1.08514E+13;2.58416E+12;2.46279E+12;;4.102479219;70.03012812
Asia oriental y el Pacífico;EAS;PIB (US$ a precios actuales);NY.GDP.MKTP.CD;2.71273E+13;6.51803E+12;7.22977E+12;;3.652405262;76.76268134
Europa y Asia central (excluido altos ingresos);ECA;PIB (US$ a precios actuales);NY.GDP.MKTP.CD;2.98263E+12;8.51741E+11;8.78013E+11;;4.389126778;72.25961847
Europa y Asia central;ECS;PIB (US$ a precios actuales);NY.GDP.MKTP.CD;2.214E+13;8.71238E+12;9.34614E+12;;5.075000048;77.02532399
Ecuador;ECU;PIB (US$ a precios actuales);NY.GDP.MKTP.CD;99291124000;19378950000;21702981000;7136589071;4.134130001;72.153
Egipto, República Árabe de;EGY;PIB (US$ a precios actuales);NY.GDP.MKTP.CD;3.65253E+11;75433562071;47872738615;38972812937;2.480000019;70.99
Zona del Euro;EMU;PIB (US$ a precios actuales);NY.GDP.MKTP.CD;1.30855E+13;5.45297E+12;5.92138E+12;1.07785E+12;5.185000181;81.53712191
Eritrea;ERI;PIB (US$ a precios actuales);NY.GDP.MKTP.CD;;;;;;67.133
España;ESP;PIB (US$ a precios actuales);NY.GDP.MKTP.CD;1.27696E+12;3.74702E+11;3.93304E+11;81287702461;4.590000153;82.33414634
Estonia;EST;PIB (US$ a precios actuales);NY.GDP.MKTP.CD;31370395573;21705953338;21731484847;1996892749;6.579999924;78.34634146
Etiopía;ETH;PIB (US$ a precios actuales);NY.GDP.MKTP.CD;1.07658E+11;18171455004;7672983061;3046114359;;65.371
Unión Europea;EUU;PIB (US$ a precios actuales);NY.GDP.MKTP.CD;1.53694E+13;6.57023E+12;7.12578E+12;;5.13499999;80.46503667
Frágiles y situaciones de conflicto afectados;FCS;PIB (US$ a precios actuales);NY.GDP.MKTP.CD;1.68089E+12;3.69009E+11;3.24291E+11;;3.166160107;61.75956099
Finlandia;FIN;PIB (US$ a precios actuales);NY.GDP.MKTP.CD;2.71892E+11;97093522437;97673758061;13479975777;5.880000114;82.13170732
Fiji;FJI;PIB (US$ a precios actuales);NY.GDP.MKTP.CD;4477040340;1979620066;1232063814;1081812965;5.67535305;67.924
Francia;FRA;PIB (US$ a precios actuales);NY.GDP.MKTP.CD;2.63901E+12;7.76227E+11;7.24414E+11;2.24236E+11;5.5;82.17560976
Islas Feroe;FRO;PIB (US$ a precios actuales);NY.GDP.MKTP.CD;3248696902;1596536280;1551764724;;;83.09268293
Micronesia (Estados Federados de);FSM;PIB (US$ a precios actuales);NY.GDP.MKTP.CD;408000000;266400000;96900000;451912609;;70.674
Gabón;GAB;PIB (US$ a precios actuales);NY.GDP.MKTP.CD;15314577168;3454238785;7275153457;;3.181610107;66.531
Reino Unido;GBR;PIB (US$ a precios actuales);NY.GDP.MKTP.CD;2.70461E+12;7.81063E+11;7.90752E+11;1.80054E+11;5.53000021;80.90243902
Georgia;GEO;PIB (US$ a precios actuales);NY.GDP.MKTP.CD;15842922533;8964607358;5908062643;3913274195;3.850080013;72.765
Ghana;GHA;PIB (US$ a precios actuales);NY.GDP.MKTP.CD;70043199814;12464758654;14513683721;7884091539;;64.114
Gibraltar;GIB;PIB (US$ a precios actuales);NY.GDP.MKTP.CD;;;;;;82.198
Guinea;GIN;PIB (US$ a precios actuales);NY.GDP.MKTP.CD;14177835816;9650466163;9118509088;1499116033;2.199470043;59.327
Gambia;GMB;PIB (US$ a precios actuales);NY.GDP.MKTP.CD;1812169484;686423943.3;174363176.4;387046403.6;2.763720036;62.612
Guinea-Bissau;GNB;PIB (US$ a precios actuales);NY.GDP.MKTP.CD;1431758243;418772054.7;205987686.6;;2.708430052;59.999
Guinea Ecuatorial;GNQ;PIB (US$ a precios actuales);NY.GDP.MKTP.CD;10099158075;4639617711;4391793755;;;60.708
Grecia;GRC;PIB (US$ a precios actuales);NY.GDP.MKTP.CD;1.88926E+11;74970361411;60434496175;11931180005;4.440000057;81.08780488
Granada;GRD;PIB (US$ a precios actuales);NY.GDP.MKTP.CD;1043414815;;;293320432.2;;74.924
Groenlandia;GRL;PIB (US$ a precios actuales);NY.GDP.MKTP.CD;3076015347;1502208771;1118524633;;;71.40463415
Guatemala;GTM;PIB (US$ a precios actuales);NY.GDP.MKTP.CD;77625486978;19274928500;12674665553;18463562202;3.299720049;71.797
Guam;GUM;PIB (US$ a precios actuales);NY.GDP.MKTP.CD;5886000000;3383000000;371000000;;;76.612
Guyana;GUY;PIB (US$ a precios actuales);NY.GDP.MKTP.CD;5471256595;;;680634183.7;;68.486
Ingreso alto;HIC;PIB (US$ a precios actuales);NY.GDP.MKTP.CD;5.38746E+13;1.51446E+13;1.55542E+13;;5.170000076;80.20840487
Hong Kong, Región Administrativa Especial;HKG;PIB (US$ a precios actuales);NY.GDP.MKTP.CD;3.44932E+11;6.01495E+11;6.08117E+11;4.91776E+11;4.406340122;85.38780488
Honduras;HND;PIB (US$ a precios actuales);NY.GDP.MKTP.CD;23827840810;12038975832;8362282818;8138457728;6.438439846;71.462
Países pobres muy endeudados (PPME);HPC;PIB (US$ a precios actuales);NY.GDP.MKTP.CD;8.03236E+11;2.17241E+11;1.59619E+11;;3.225150108;62.76172018
Croacia;HRV;PIB (US$ a precios actuales);NY.GDP.MKTP.CD;57472012427;27875871736;23840548541;23253815166;5.539999962;77.72439024
Haití;HTI;PIB (US$ a precios actuales);NY.GDP.MKTP.CD;14508218017;4318064226;1110024755;2590258527;1.371014357;64.052
Hungría;HUN;PIB (US$ a precios actuales);NY.GDP.MKTP.CD;1.57182E+11;1.20715E+11;1.23747E+11;41349416013;4.760000229;75.61707317
Sólo BIRF;IBD;PIB (US$ a precios actuales);NY.GDP.MKTP.CD;3.0069E+13;6.63831E+12;7.07617E+12;;4.134130001;73.39793576
BIRF y la AIF;IBT;PIB (US$ a precios actuales);NY.GDP.MKTP.CD;3.24044E+13;7.14596E+12;7.44174E+12;;3.916970015;70.82550673
total de la AIF;IDA;PIB (US$ a precios actuales);NY.GDP.MKTP.CD;2.33505E+12;5.04749E+11;3.65719E+11;;3.277850032;63.58904063
mezcla de la AIF;IDB;PIB (US$ a precios actuales);NY.GDP.MKTP.CD;1.00207E+12;1.54787E+11;1.16563E+11;;4.153061867;61.00472552
Indonesia;IDN;PIB (US$ a precios actuales);NY.GDP.MKTP.CD;1.05869E+12;1.66258E+11;1.82851E+11;1.35916E+11;3.49000001;68.808
Sólo AIF;IDX;PIB (US$ a precios actuales);NY.GDP.MKTP.CD;1.33638E+12;3.52098E+11;2.48356E+11;;3.225150108;64.89182503
Isla de Man;IMN;PIB (US$ a precios actuales);NY.GDP.MKTP.CD;;;;;;80.588
India;IND;PIB (US$ a precios actuales);NY.GDP.MKTP.CD;2.66769E+12;5.09434E+11;4.99095E+11;5.90227E+11;4.474229813;70.15
No clasificado;INX;PIB (US$ a precios actuales);NY.GDP.MKTP.CD;;;;;;
Irlanda;IRL;PIB (US$ a precios actuales);NY.GDP.MKTP.CD;4.25852E+11;4.87297E+11;5.6782E+11;7463044895;3.099999905;82.20487805
Irán, República Islámica del;IRN;PIB (US$ a precios actuales);NY.GDP.MKTP.CD;2.39736E+11;58460851131;46567697156;;3.592430115;74.832
Iraq;IRQ;PIB (US$ a precios actuales);NY.GDP.MKTP.CD;1.8437E+11;54265699329;50188790940;54424472658;;69.123
Islandia;ISL;PIB (US$ a precios actuales);NY.GDP.MKTP.CD;21694674810;7594986119;7474085350;6419314385;7.71999979;83.06585366
Israel;ISR;PIB (US$ a precios actuales);NY.GDP.MKTP.CD;4.13268E+11;95909886049;1.14375E+11;1.73292E+11;7.070000172;82.7
Italia;ITA;PIB (US$ a precios actuales);NY.GDP.MKTP.CD;1.89676E+12;4.90179E+11;5.58466E+11;2.10687E+11;4.269999981;82.34390244
Jamaica;JAM;PIB (US$ a precios actuales);NY.GDP.MKTP.CD;13812425037;5770089104;3326741736;3938028781;5.617499828;71.869
Jordania;JOR;PIB (US$ a precios actuales);NY.GDP.MKTP.CD;44182298292;18424084507;10444366197;;3.670000076;75.184
Japón;JPN;PIB (US$ a precios actuales);NY.GDP.MKTP.CD;5.04011E+12;7.96345E+11;7.84168E+11;1.39081E+12;3.420000076;84.61560976
Kazajstán;KAZ;PIB (US$ a precios actuales);NY.GDP.MKTP.CD;1.71082E+11;45332614366;52229580197;35638096635;4.446203709;71.37
Kenya;KEN;PIB (US$ a precios actuales);NY.GDP.MKTP.CD;1.00667E+11;17711640495;9703784283;8297263559;5.079969883;62.675
Kirguistán;KGZ;PIB (US$ a precios actuales);NY.GDP.MKTP.CD;7780874537;4058836839;2435961218;2811615193;6.214864731;71.8
Camboya;KHM;PIB (US$ a precios actuales);NY.GDP.MKTP.CD;25872798012;16160458172;15793225849;21328475093;3.126306534;70.416
Kiribati;KIR;PIB (US$ a precios actuales);NY.GDP.MKTP.CD;180911843.6;150176450.3;23017273.42;;;67.266
Saint Kitts y Nevis;KNA;PIB (US$ a precios actuales);NY.GDP.MKTP.CD;884525925.9;;;373502419.4;3.398791552;
Corea, República de;KOR;PIB (US$ a precios actuales);NY.GDP.MKTP.CD;1.64431E+12;5.3727E+11;5.97865E+11;4.43463E+11;;83.42682927
Kuwait;KWT;PIB (US$ a precios actuales);NY.GDP.MKTP.CD;1.0596E+11;;;52918606999;6.551259995;76.92
América Latina y el Caribe (excluido altos ingresos);LAC;PIB (US$ a precios actuales);NY.GDP.MKTP.CD;3.99765E+12;9.41419E+11;9.44919E+11;;4.618700027;72.83031323
República Democrática Popular Lao;LAO;PIB (US$ a precios actuales);NY.GDP.MKTP.CD;18981800705;;;1392600619;2.299760103;68.497
Líbano;LBN;PIB (US$ a precios actuales);NY.GDP.MKTP.CD;31712128254;10705132083;5192095746;42440403087;1.690000057;77.804
Liberia;LBR;PIB (US$ a precios actuales);NY.GDP.MKTP.CD;3039982500;;;340965880.5;2.309289932;60.948
Libia;LBY;PIB (US$ a precios actuales);NY.GDP.MKTP.CD;50357312595;;;79656428065;;72.472
Santa Lucía;LCA;PIB (US$ a precios actuales);NY.GDP.MKTP.CD;1516015719;;;231361279;3.575210094;73.416
América Latina y el Caribe;LCN;PIB (US$ a precios actuales);NY.GDP.MKTP.CD;4.74237E+12;1.14651E+12;1.18909E+12;;4.246679783;73.03840927
Países menos desarrollados: clasificación de las Naciones Unidas;LDC;PIB (US$ a precios actuales);NY.GDP.MKTP.CD;1.17658E+12;2.96647E+11;2.15477E+11;;3.049685001;64.63474279
Países de ingreso bajo;LIC;PIB (US$ a precios actuales);NY.GDP.MKTP.CD;5.0874E+11;1.5182E+11;1.01916E+11;;3.002110004;62.87046812
Liechtenstein;LIE;PIB (US$ a precios actuales);NY.GDP.MKTP.CD;6113951012;;;;;81.80731707
Sri Lanka;LKA;PIB (US$ a precios actuales);NY.GDP.MKTP.CD;85349112171;18236266386;13031454761;5663994385;;76.393
Países de ingreso mediano bajo;LMC;PIB (US$ a precios actuales);NY.GDP.MKTP.CD;7.61724E+12;1.80548E+12;1.63986E+12;;4.111616611;68.63520936
Ingreso mediano y bajo;LMY;PIB (US$ a precios actuales);NY.GDP.MKTP.CD;3.09484E+13;6.59963E+12;6.84673E+12;;3.84384501;70.76617707
Lesotho;LSO;PIB (US$ a precios actuales);NY.GDP.MKTP.CD;2231214507;1961138932;886161624.9;;7.669360161;54.693
avanzada del dividendo demográfico;LTE;PIB (US$ a precios actuales);NY.GDP.MKTP.CD;2.24934E+13;5.5262E+12;6.21988E+12;;4.389126778;76.72506202
Lituania;LTU;PIB (US$ a precios actuales);NY.GDP.MKTP.CD;56846622904;36351910288;41640278273;4846519050;;74.92926829
Luxemburgo;LUX;PIB (US$ a precios actuales);NY.GDP.MKTP.CD;73992591285;1.22529E+11;1.47703E+11;1119076142;4.96999979;81.74146341
Letonia;LVA;PIB (US$ a precios actuales);NY.GDP.MKTP.CD;34601740323;20391400978;20726215208;5289640348;5.96999979;75.38780488
Región Administrativa Especial de Macao, China;MAC;PIB (US$ a precios actuales);NY.GDP.MKTP.CD;25459563655;15150893092;15665218861;25144935000;6.300000191;85.184
Isla de San Martín (parte francesa);MAF;PIB (US$ a precios actuales);NY.GDP.MKTP.CD;;;;;;80.149
Marruecos;MAR;PIB (US$ a precios actuales);NY.GDP.MKTP.CD;1.21348E+11;46174922079;37369956196;35997639773;6.754300117;73.92
Mónaco;MCO;PIB (US$ a precios actuales);NY.GDP.MKTP.CD;6739691605;;;;;
República de Moldova;MDA;PIB (US$ a precios actuales);NY.GDP.MKTP.CD;11859730544;5921024254;3218731236;3783579238;6.388720036;70.166
Madagascar;MDG;PIB (US$ a precios actuales);NY.GDP.MKTP.CD;13051441059;3767772553;2628831032;1980766598;3.095710039;65.182
Maldivas;MDV;PIB (US$ a precios actuales);NY.GDP.MKTP.CD;3746321936;2560647754;1851697984;984930745.3;5.800467014;79.875
Oriente Medio y Norte de África;MEA;PIB (US$ a precios actuales);NY.GDP.MKTP.CD;3.1157E+12;1.08121E+12;1.11467E+12;;3.774935007;72.95107906
México;MEX;PIB (US$ a precios actuales);NY.GDP.MKTP.CD;1.09052E+12;4.08106E+11;4.30504E+11;1.99069E+11;;70.133
Islas Marshall;MHL;PIB (US$ a precios actuales);NY.GDP.MKTP.CD;241722400;176204330.4;85857170.1;;13.62500381;
 Ingreso mediano;MIC;PIB (US$ a precios actuales);NY.GDP.MKTP.CD;3.04686E+13;6.4578E+12;6.75882E+12;;4.122873306;71.7095062
Macedonia del Norte;MKD;PIB (US$ a precios actuales);NY.GDP.MKTP.CD;12363580535;8712588273;7142622949;4126254084;;75.69317073
Malí;MLI;PIB (US$ a precios actuales);NY.GDP.MKTP.CD;17465392916;6345866121;5354300893;;3.763430119;58.633
Malta;MLT;PIB (US$ a precios actuales);NY.GDP.MKTP.CD;14933066819;20808223872;22721873215;930464309.4;5.869999886;82.65365854
Myanmar;MMR;PIB (US$ a precios actuales);NY.GDP.MKTP.CD;78930257227;20878696530;22615134490;7670070785;;66.797
Oriente Medio y Norte de África (excluido altos ingresos);MNA;PIB (US$ a precios actuales);NY.GDP.MKTP.CD;1.27409E+12;3.66223E+11;2.68434E+11;;;72.172697
Montenegro;MNE;PIB (US$ a precios actuales);NY.GDP.MKTP.CD;4769860741;2910060399;1240005698;2134820420;;75.93170732
Mongolia;MNG;PIB (US$ a precios actuales);NY.GDP.MKTP.CD;13312981595;7345876643;7676311747;4545276809;4.659912109;72.141
Mariana;MNP;PIB (US$ a precios actuales);NY.GDP.MKTP.CD;;;;;;
Mozambique;MOZ;PIB (US$ a precios actuales);NY.GDP.MKTP.CD;14028811072;9306575254;4151075575;47597082842;6.260590076;61.172
Mauritania;MRT;PIB (US$ a precios actuales);NY.GDP.MKTP.CD;8405491202;4538467095;3417828474;1493184646;1.881160021;64.532
Mauricio;MUS;PIB (US$ a precios actuales);NY.GDP.MKTP.CD;11401050655;5302577840;4489070295;7291065336;4.608170033;74.17707317
Malawi;MWI;PIB (US$ a precios actuales);NY.GDP.MKTP.CD;12182348213;;;594498493.6;2.907619953;63.717
Malasia;MYS;PIB (US$ a precios actuales);NY.GDP.MKTP.CD;3.37338E+11;1.8631E+11;2.07798E+11;1.07644E+11;3.916970015;75.938
América del Norte;NAC;PIB (US$ a precios actuales);NY.GDP.MKTP.CD;2.27128E+13;3.29461E+12;2.63502E+12;;5.610000134;77.74116282
Namibia;NAM;PIB (US$ a precios actuales);NY.GDP.MKTP.CD;10581585630;4414902199;3536024303;2171055563;9.446900368;62.829
Nueva Caledonia;NCL;PIB (US$ a precios actuales);NY.GDP.MKTP.CD;9435529927;;;;;80.83495122
Níger;NER;PIB (US$ a precios actuales);NY.GDP.MKTP.CD;13744174690;3542752951;1413658357;;3.837610006;61.451
Nigeria;NGA;PIB (US$ a precios actuales);NY.GDP.MKTP.CD;4.32199E+11;35586722061;35087257885;36729565818;;52.887
Nicaragua;NIC;PIB (US$ a precios actuales);NY.GDP.MKTP.CD;12586970511;5942967961;5309751005;3211903362;4.630000114;71.795
Países Bajos;NLD;PIB (US$ a precios actuales);NY.GDP.MKTP.CD;9.09793E+11;6.20445E+11;7.12054E+11;53971404675;5.300000191;81.4097561
Noruega;NOR;PIB (US$ a precios actuales);NY.GDP.MKTP.CD;3.62198E+11;1.19834E+11;1.16792E+11;75258813465;5.900000095;83.2097561
Nepal;NPL;PIB (US$ a precios actuales);NY.GDP.MKTP.CD;33433670512;11405420523;2275258178;11467799302;4.183101177;69.246
Nauru;NRU;PIB (US$ a precios actuales);NY.GDP.MKTP.CD;114626625.6;113956294.4;54296822.63;;5.167049885;
Nueva Zelandia;NZL;PIB (US$ a precios actuales);NY.GDP.MKTP.CD;2.11735E+11;47227785373;46404210822;13733288689;5.980000019;82.05609756
Miembros OCDE;OED;PIB (US$ a precios actuales);NY.GDP.MKTP.CD;5.25171E+13;1.35154E+13;1.3584E+13;;5.25999999;79.00852411
Omán;OMN;PIB (US$ a precios actuales);NY.GDP.MKTP.CD;75909397659;34022401821;35719888947;15007356725;;74.757
Otros Estados pequeos;OSS;PIB (US$ a precios actuales);NY.GDP.MKTP.CD;3.78315E+11;2.04665E+11;2.14903E+11;;4.608170033;68.25018412
Pakistán;PAK;PIB (US$ a precios actuales);NY.GDP.MKTP.CD;3.00426E+11;52327305703;27935258004;18521734364;2.365718365;66.269
Panamá;PAN;PIB (US$ a precios actuales);NY.GDP.MKTP.CD;53977000000;18605505000;21379165000;9613847649;3.906069994;76.657
Perú;PER;PIB (US$ a precios actuales);NY.GDP.MKTP.CD;2.01705E+11;42659017425;45143208675;74779155758;4.246679783;73.665
Filipinas;PHL;PIB (US$ a precios actuales);NY.GDP.MKTP.CD;3.61751E+11;1.19257E+11;91171552541;1.0999E+11;3.734810591;72.119
Palau;PLW;PIB (US$ a precios actuales);NY.GDP.MKTP.CD;251900000;;;;;
Papua Nueva Guinea;PNG;PIB (US$ a precios actuales);NY.GDP.MKTP.CD;23848265896;;;;1.350000024;65.787
Polonia;POL;PIB (US$ a precios actuales);NY.GDP.MKTP.CD;5.99449E+11;2.83739E+11;3.17654E+11;1.54219E+11;5.190000057;76.6
previa al dividendo demográfico;PRE;PIB (US$ a precios actuales);NY.GDP.MKTP.CD;1.31635E+12;2.72219E+11;2.3329E+11;;3.166160107;60.24953184
Puerto Rico;PRI;PIB (US$ a precios actuales);NY.GDP.MKTP.CD;1.0302E+11;44508900000;62237400000;;3.389361382;78.041
Corea, República Popular Democrática de;PRK;PIB (US$ a precios actuales);NY.GDP.MKTP.CD;;;;;;73.274
Portugal;PRT;PIB (US$ a precios actuales);NY.GDP.MKTP.CD;2.29032E+11;89759221943;84848916302;29459811843;5.010000229;80.97560976
Paraguay;PRY;PIB (US$ a precios actuales);NY.GDP.MKTP.CD;35432178068;10448648590;11907160304;9202411639;3.3036201;73.182
Ribera Occidental y Gaza;PSE;PIB (US$ a precios actuales);NY.GDP.MKTP.CD;15531700000;8065700000;2385300000;697074683.3;;74.403
Estados pequeos de las Islas del Pacfico;PSS;PIB (US$ a precios actuales);NY.GDP.MKTP.CD;9515995237;4494344648;2434555224;;;69.47061007
posterior al dividendo demográfico;PST;PIB (US$ a precios actuales);NY.GDP.MKTP.CD;4.96978E+13;1.30686E+13;1.31233E+13;;5.194999933;80.14748172
Polinesia Francesa;PYF;PIB (US$ a precios actuales);NY.GDP.MKTP.CD;5709421969;2036088037;638903797.7;;;82.217
Qatar;QAT;PIB (US$ a precios actuales);NY.GDP.MKTP.CD;1.44411E+11;59064560440;70933241758;40972506521;3.233669996;79.099
Rumania;ROU;PIB (US$ a precios actuales);NY.GDP.MKTP.CD;2.51362E+11;1.03517E+11;92693685203;52190562712;3.690000057;74.35365854
Federación de Rusia;RUS;PIB (US$ a precios actuales);NY.GDP.MKTP.CD;1.48936E+12;3.04549E+11;3.81017E+11;5.9677E+11;3.730000019;71.33878049
Rwanda;RWA;PIB (US$ a precios actuales);NY.GDP.MKTP.CD;10184345442;3648739820;1966296256;1806068099;3.330549955;66.774
Asia meridional;SAS;PIB (US$ a precios actuales);NY.GDP.MKTP.CD;3.48701E+12;6.64151E+11;5.84921E+11;;2.860859394;69.74833092
Arabia Saudita;SAU;PIB (US$ a precios actuales);NY.GDP.MKTP.CD;7.03368E+11;1.82128E+11;1.84162E+11;4.72851E+11;7.809309959;76.239
Sudán;SDN;PIB (US$ a precios actuales);NY.GDP.MKTP.CD;27034593750;80366887.63;124251341.1;;;65.614
Senegal;SEN;PIB (US$ a precios actuales);NY.GDP.MKTP.CD;24493157583;9634386521;5062666544;;5.497859955;68.006
Singapur;SGP;PIB (US$ a precios actuales);NY.GDP.MKTP.CD;3.45296E+11;5.17982E+11;6.27461E+11;3.69834E+11;2.506659985;83.74390244
Islas Salomón;SLB;PIB (US$ a precios actuales);NY.GDP.MKTP.CD;1536148246;495896948.9;429176711.2;660995997.3;12.75;70.199
Sierra Leona;SLE;PIB (US$ a precios actuales);NY.GDP.MKTP.CD;4063289450;1481754390;613193854.9;707703898.1;8.809550285;59.763
El Salvador;SLV;PIB (US$ a precios actuales);NY.GDP.MKTP.CD;24563020000;10764000000;6295300000;3082859548;4.070828438;71.061
San Marino;SMR;PIB (US$ a precios actuales);NY.GDP.MKTP.CD;1541204338;2164228073;2534952774;781804749.8;3.424619913;
Somalia;SOM;PIB (US$ a precios actuales);NY.GDP.MKTP.CD;6883000000;5818000000;1178000000;;;55.967
Serbia;SRB;PIB (US$ a precios actuales);NY.GDP.MKTP.CD;53356480454;30146399931;25727980784;16586724161;;74.22926829
África al sur del Sahara (excluido altos ingresos);SSA;PIB (US$ a precios actuales);NY.GDP.MKTP.CD;1.71775E+12;3.5234E+11;3.28405E+11;;3.443020105;60.84748962
Sudán del Sur;SSD;PIB (US$ a precios actuales);NY.GDP.MKTP.CD;;;;183614816.7;;55.48
África al sur del Sahara;SSF;PIB (US$ a precios actuales);NY.GDP.MKTP.CD;1.71901E+12;3.53221E+11;3.29219E+11;;3.443020105;60.84889125
Pequeños Estados;SST;PIB (US$ a precios actuales);NY.GDP.MKTP.CD;4.53728E+11;2.44944E+11;2.45342E+11;;4.608170033;69.07364652
Santo Tomé y Príncipe;STP;PIB (US$ a precios actuales);NY.GDP.MKTP.CD;472551022.5;;;75287733.68;5.011380196;67.785
Suriname;SUR;PIB (US$ a precios actuales);NY.GDP.MKTP.CD;2911807496;;;584929135.6;5.007070065;72.561
República Eslovaca;SVK;PIB (US$ a precios actuales);NY.GDP.MKTP.CD;1.06697E+11;89027250136;90771329911;9343714002;4.610000134;76.86585366
Eslovenia;SVN;PIB (US$ a precios actuales);NY.GDP.MKTP.CD;53706800044;36786335441;41751987336;1311110696;5.760000229;80.53170732
Suecia;SWE;PIB (US$ a precios actuales);NY.GDP.MKTP.CD;5.47054E+11;2.15341E+11;2.39868E+11;58260344659;7.170000076;82.40731707
Eswatini;SWZ;PIB (US$ a precios actuales);NY.GDP.MKTP.CD;3982226055;1671259807;1788677595;545564174.1;5.342339993;59.692
Sint Maarten (Dutch part);SXM;PIB (US$ a precios actuales);NY.GDP.MKTP.CD;;;;;;
Seychelles;SYC;PIB (US$ a precios actuales);NY.GDP.MKTP.CD;1261198524;890330093.9;824294564.8;559681941.8;5.150730133;77.23658537
República Árabe Siria;SYR;PIB (US$ a precios actuales);NY.GDP.MKTP.CD;11079795397;3724322371;1637240366;;;72.14
Islas Turcas y Caicos;TCA;PIB (US$ a precios actuales);NY.GDP.MKTP.CD;924583000;;;;3.270499945;75.001
Chad;TCD;PIB (US$ a precios actuales);NY.GDP.MKTP.CD;10715396135;4501989152;2862741203;;2.90850997;52.777
Asia oriental y el Pacífico (BIRF y la AIF);TEA;PIB (US$ a precios actuales);NY.GDP.MKTP.CD;1.74644E+13;3.41243E+12;3.82799E+12;;3.569999933;75.96919243
Europa y Asia central (BIRF y la AIF);TEC;PIB (US$ a precios actuales);NY.GDP.MKTP.CD;3.89172E+12;1.26691E+12;1.3127E+12;;4.446203709;72.75084487
Togo;TGO;PIB (US$ a precios actuales);NY.GDP.MKTP.CD;7574636979;2435066176;1718961198;;3.991250038;61.035
Tailandia;THA;PIB (US$ a precios actuales);NY.GDP.MKTP.CD;4.99682E+11;2.31113E+11;2.57701E+11;2.58104E+11;3.145710945;79.274
Tayikistán;TJK;PIB (US$ a precios actuales);NY.GDP.MKTP.CD;8133996648;3125471086;1409159166;2238305810;5.917162895;67.994
Turkmenistán;TKM;PIB (US$ a precios actuales);NY.GDP.MKTP.CD;;;;;;68.687
América Latina y el Caribe (BIRF y la AIF);TLA;PIB (US$ a precios actuales);NY.GDP.MKTP.CD;4.49446E+12;1.07763E+12;1.10951E+12;;4.552070141;72.92797072
Timor-Leste;TLS;PIB (US$ a precios actuales);NY.GDP.MKTP.CD;2158392540;1039200830;792950616.5;656523631.7;4.153061867;68.475
Oriente Medio y Norte de África (BIRF y la AIF);TMN;PIB (US$ a precios actuales);NY.GDP.MKTP.CD;1.25855E+12;3.58099E+11;2.66003E+11;;3.631215096;72.1463762
Tonga;TON;PIB (US$ a precios actuales);NY.GDP.MKTP.CD;484806718.3;314852170.9;99822518.51;298947629.8;6.520573139;70.928
Asia meridional (BIRF y la AIF);TSA;PIB (US$ a precios actuales);NY.GDP.MKTP.CD;3.48701E+12;6.64151E+11;5.84921E+11;;2.860859394;69.74833092
África al sur del Sahara (BIRF y la AIF);TSS;PIB (US$ a precios actuales);NY.GDP.MKTP.CD;1.71901E+12;3.53221E+11;3.29219E+11;;3.443020105;60.84889125
Trinidad y Tobago;TTO;PIB (US$ a precios actuales);NY.GDP.MKTP.CD;21059428851;;;6953756951;4.103740215;74.406
Túnez;TUN;PIB (US$ a precios actuales);NY.GDP.MKTP.CD;42537832456;19691046793;16143151757;9810630875;;75.292
Turquía;TUR;PIB (US$ a precios actuales);NY.GDP.MKTP.CD;7.20289E+11;2.32097E+11;2.06962E+11;93511562720;3.359999895;75.85
Tuvalu;TUV;PIB (US$ a precios actuales);NY.GDP.MKTP.CD;55054710.62;;;;;64.382
Tanzanía;TZA;PIB (US$ a precios actuales);NY.GDP.MKTP.CD;62409709111;9554154050;8921772261;;3.225150108;66.408
Uganda;UGA;PIB (US$ a precios actuales);NY.GDP.MKTP.CD;37600368181;8116375563;5796021005;;2.586280107;62.851
Ucrania;UKR;PIB (US$ a precios actuales);NY.GDP.MKTP.CD;1.56618E+11;63171510711;60801632199;29137541200;5.382319927;71.18512195
Ingreso mediano alto;UMC;PIB (US$ a precios actuales);NY.GDP.MKTP.CD;2.28514E+13;4.65277E+12;5.12098E+12;;4.134130001;75.84591492
Uruguay;URY;PIB (US$ a precios actuales);NY.GDP.MKTP.CD;53560755047;11108020170;13435331107;16250371651;4.552070141;78.43
Estados Unidos;USA;PIB (US$ a precios actuales);NY.GDP.MKTP.CD;2.10605E+13;2.77612E+12;2.14862E+12;6.2837E+11;6.050000191;77.2804878
Uzbekistán;UZB;PIB (US$ a precios actuales);NY.GDP.MKTP.CD;59894305353;22604832998;14547166673;34903111839;4.922790051;70.331
San Vicente y las Granadinas;VCT;PIB (US$ a precios actuales);NY.GDP.MKTP.CD;872134555.6;;;205195146.8;;72.126
Venezuela;VEN;PIB (US$ a precios actuales);NY.GDP.MKTP.CD;;;;;;71.095
Islas Vírgenes Británicas;VGB;PIB (US$ a precios actuales);NY.GDP.MKTP.CD;;;;;2.590500116;75.849
Islas Vírgenes (EE.UU.);VIR;PIB (US$ a precios actuales);NY.GDP.MKTP.CD;4204000000;3212000000;1621000000;;;79.8195122
Viet Nam;VNM;PIB (US$ a precios actuales);NY.GDP.MKTP.CD;3.46616E+11;2.73356E+11;2.9248E+11;94833616150;4.111616611;75.378
Vanuatu;VUT;PIB (US$ a precios actuales);NY.GDP.MKTP.CD;896879875.2;375489686.3;149852660.8;613636752.1;2.242320061;70.299
Mundo;WLD;PIB (US$ a precios actuales);NY.GDP.MKTP.CD;8.51163E+13;2.17884E+13;2.24517E+13;;4.332049847;72.26501127
Samoa;WSM;PIB (US$ a precios actuales);NY.GDP.MKTP.CD;868904477.7;419573465.6;253685010.7;277056415.2;4.809160233;72.768
Kosovo;XKX;PIB (US$ a precios actuales);NY.GDP.MKTP.CD;7716925356;4160415954;1674198291;1095367617;;76.567
Yemen, Rep. del;YEM;PIB (US$ a precios actuales);NY.GDP.MKTP.CD;;;;946047183.9;;64.65
Sudáfrica;ZAF;PIB (US$ a precios actuales);NY.GDP.MKTP.CD;3.3762E+11;78330057353;93184053997;55008491996;6.192880154;65.252
Zambia;ZMB;PIB (US$ a precios actuales);NY.GDP.MKTP.CD;18110631358;5892352309;8473994363;1203448374;3.702399969;62.38
Zimbabwe;ZWE;PIB (US$ a precios actuales);NY.GDP.MKTP.CD;21509698406;6180499303;5574671609;33405021.01;;61.124
